id;title;image;description
1;Table Fish;Dynamic programming;forecast
2;Agent;compress state mobile;high-level
3;Georgia Borders;calculating Overpass;ADP synthesizing Developer
4;Representative parsing;calculating;Soft Books
5;Loan Points violet;ivory lime;Bacon optical blockchains
6;Fish Port;Australian panel;navigating Ergonomic Territory
7;backing deposit;CSS navigate;indigo Account drive
8;Personal;Web Books transmitter;next-generation
9;Table Sleek input;payment salmon;interface
10;functionalities Supervisor alarm;Toys;and solid
